ï»¿S1000000002;ВЫДЕЛЕНИЕ ПЛОЩАДНЫХ;NoneStylePoly
P1000000003;ВЫДЕЛЕНИЕ ТОЧЕЧНЫХ;NoneStyleMark
T1000000004;ВЫДЕЛЕНИЕ ПОДПИСЕЙ;None
V1000000005;ВЫДЕЛЕНИЕ ВЕКТОРНЫХ;NoneStyleLine
C1000000006;ВЫДЕЛЕНИЕ ШАБЛОНОВ;None
L1000000007;СЛУЖЕБНЫЙ ОБ'ЕКТ;NoneStyleLine
L1000000008;СЛУЖЕБНЫЙ ОБ'ЕКТ;NoneStyleLine
L1000000009;СЛУЖЕБНЫЙ ОБ'ЕКТ;NoneStyleLine
L1000000010;СЛУЖЕБНЫЙ ОБ'ЕКТ;NoneStyleLine
L1000000011;СЛУЖЕБНЫЙ ОБ'ЕКТ;NoneStyleLine
L1000000012;СЛУЖЕБНЫЙ ОБ'ЕКТ;NoneStyleLine
L1000000013;СЛУЖЕБНЫЙ ОБ'ЕКТ;NoneStyleLine
L1000000014;СЛУЖЕБНЫЙ ОБ'ЕКТ;NoneStyleLine
L0091000000;РАМКА ЛИСТА;blackLine
S0041100000;ГОРОДА;blackLinePoly
S0041200000;ПОСЕЛКИ ГОРОДСКОГО ТИПА (ПГТ);blackLinePoly
S0042100000;ПОСЕЛКИ СЕЛЬСКОГО ТИПА ;blackLinePoly
S0042200000;ОТДЕЛЬНЫЕ ДВОРЫ (ХУТОРА);blackLinePoly
S0043100000;ПОСЕЛКИ ДАЧНОГО ТИПА ;blackLinePoly
S0043200000;ПОСЕЛКИ,НЕ ОТНЕСЕН.К КАТЕГ.ПГТ;blackLinePoly
S0043400000;ДАЧНЫЕ И САДОВЫЕ УЧАСТКИ;blackLinePoly
S0045400000;ЧАСТИ НАСЕЛЕННОГО ПУНКТА;blackLinePoly
S0071100000;ДРЕВЕСНАЯ  РАСТИТЕЛЬНОСТЬ;Леса_25к-100к
S0071111110;ЛЕСА ГУСТЫЕ ВЫСОКИЕ (ОБЫЧНЫЕ);Леса_25к-100к
S0071111120;ЛЕСА ГУСТЫЕ НИЗКОРОСЛЫЕ;Леса_25к-100к
S0071112100;БУРЕЛОМЫ;Буреломы_100к
S0071113000;ПОРОСЛЬ ЛЕСА;NoneStylePoly
S0071114000;СТЛАНИК (сплошные заросли);Стланик заросли_100к
S00711140001;СТЛАНИК (отдельные группы);Стланик_100к
S0071121000;ЛЕС.ПИТОМНИКИ И МОЛОД.ПОСАДКИ;NoneStylePoly
S0071122000;ПЛАНТАЦИИ ДРЕВЕСНО ТЕХ.КУЛЬТУР;Плантации травянистых технических культур_100к
S0071123000;ФРУКТОВЫЕ И ЦИТРУСОВЫЕ САДЫ;Фруктовые и цитрусовые сады_100к
S0071211100;КУСТАРНИКИ КОЛЮЧ.;Кустарники колючие, заросли_100к
S00712111001;КУСТАРНИКИ КОЛЮЧИЕ;Кустарники колючие, заросли_100к
S0071211200;КУСТАРНИКИ ОБЫЧ.;Кустарник, заросли_100к
S00712112001;КУСТАРНИКИ ОБЫЧНЫЕ;Кустарник, заросли_100к
S0071212000;БАМБУК;Бамбук, заросли_100к
S00712140003;САКСАУЛ (отдельные группы);Саксаул_100к
S0071221000;ПЛАНТАЦИИ КУСТАР.ТЕХ.КУЛЬТУР;Плантации кустарниковых технических культур_100к
S0071222000;ВИНОГРАДНИКИ;Виноградники_100к
S0071223000;ЯГОДНЫЕ САДЫ;Ягодные сады_100к
S0072240000;ТАКЫРЫ;Такыры_100к
S0072110000;КАМЕНИСТЫЕ ПОВЕРХНОСТИ;Каменистые поверхности_100к
S0072120000;КАМЕН.РОССЫПИ И ЩЕБЕН.ПОВЕРХН.;Каменистые россыпи_100к
L0072130000;КАМЕННЫЕ РЕКИ;NoneStyleLine
S0072130000;КАМЕННЫЕ РЕКИ;NoneStylePoly
S0072221100;ПОЛИГОНАЛЬНЫЕ ПОВЕРХНОСТИ;blackLinePoly
S0072222000;ПОВЕРХНОСТИ С БУГРАМИ;blackLinePoly
S0072223000;КОЧКОВАТЫЕ ПОВЕРХНОСТИ;Кочковатые поверхности_100к
S0072231000;ГАЛЕЧНИКОВЫЕ И ГРАВИЙН.ПОВЕРХ.;Галечные поверхности_100к
P0072240000;ТАКЫРЫ;Такыры (точечный)_100к
S0072251100;ПЕСКИ БАРХАННЫЕ;Пески барханные_25к-100к
S0072251200;ПЕСКИ ГРЯДОВЫЕ И ДЮННЫЕ;Пески дюнные_25к-100к
S0072251300;ПЕСКИ БУГРИСТЫЕ;Пески бугриситые_25к-100к
S0072251400;ПЕСКИ ЛУНКОВЫЕ И ЯЧЕИСТЫЕ;Пески ячеистые_25к-100к
S0072252000;ПЕСКИ РОВНЫЕ;Пески ровные_25к-100к
S0072310000;БОЛОТО;Болота непроходимые_100к
S00723100001;БОЛОТО;Болота непроходимые_100к
S0072321000;СОЛОНЧАКИ;Солончаки непроходимые_100к
S00723210001;СОЛОНЧАКИ;Солончаки непроходимые_100к
P0072340000;ЗАБОЛОЧЕННОСТЬ;Заболоченность (точечный)_100к
L0021100000;ГОРИЗОНТАЛИ УТОЛЩЕННЫЕ;Горизонтали основные утолщённые_25к-100к
L00211000001;ГОРИЗОНТАЛИ УТОЛЩЕН.(на ледн.);NoneStyleLine
L00211000002;ГОРИЗОНТАЛИ УТОЛ.(на оползнях);NoneStyleLine
L00211000003;ГОРИЗОНТАЛИ УТОЛ.на скал.осып.;NoneStyleLine
L00211000004;ГОРИЗОНТАЛИ УТОЛ.(под водой);NoneStyleLine
L0021200000;ГОРИЗОНТАЛИ ОСНОВНЫЕ;Горизонтали основные_25к-100к
L00212000001;ГОРИЗОНТАЛИ ОСНОВ.(на ледник.);NoneStyleLine
L00212000002;ГОРИЗОНТАЛИ ОСНОВ. на оползнях;NoneStyleLine
L00212000003;ГОРИЗОНТАЛИ ОСНОВ.(под водой);NoneStyleLine
S0022110000;ЛЕДНИКИ;NoneStylePoly
S0022121000;ФИРНОВЫЕ ПОЛЯ;NoneStylePoly
L0022130000;ЛЕДНИКОВЫЕ ТРЕЩИНЫ;NoneStyleLine
L0022140000;ВЫХОДЫ ИСКОПАЕМЫХ ЛЬДОВ;NoneStyleLine
S0022140000;ВЫХОДЫ ИСКОПАЕМЫХ ЛЬДОВ;NoneStylePoly
L0022151000;ЛЕДЯНЫЕ ОБРЫВЫ;NoneStyleLine
S0022151000;ЛЕДЯНЫЕ ОБРЫВЫ;NoneStylePoly
L0022160000;МОРЕНЫ;NoneStyleLine
S0022160000;МОРЕНЫ;NoneStylePoly
L0022211000;ОВРАГИ;NoneStyleLine
S0022211000;ОВРАГИ;NoneStylePoly
L0022212000;ПРОМОИНЫ ;Горизонтали основные утолщённые_25к-100к
S0022212000;ПРОМОИНЫ ;NoneStylePoly
L0022213000;БРОВКА ОВРАГА, ПРОМОИНЫ;Горизонтали основные утолщённые_25к-100к
L0022221000;СУХИЕ РУСЛА  ;NoneStyleLine
S0022221000;СУХИЕ РУСЛА ;NoneStylePoly
S0022222000;КОТЛОВИНЫ ВЫСОХШИХ ОЗЕР;NoneStylePoly
L0022230000;ВАЛЫ ЗЕМЛЯНЫЕ(береговые и др.);NoneStyleLine
S0022230000;ВАЛЫ ЗЕМЛЯНЫЕ(береговые и др.);NoneStylePoly
L0022231000;ВАЛЫ ИСТОРИЧЕСКИЕ;NoneStyleLine
L00222310001;ВАЛЫ ИСТОРИЧЕСКИЕ (одностор.);NoneStyleLine
L00222310002;ВАЛЫ ИСТОРИЧЕСКИЕ(2-стор.2-л.);NoneStyleLine
L00222310003;ВАЛЫ ИСТОРИЧЕСКИЕ(2-стор.1-л.);NoneStyleLine
L0022232000;ВАЛЫ ПРОЧИЕ (односторонние);NoneStyleLine
L00222320001;ВАЛЫ ПРОЧИЕ (2-сторон.2-линии);NoneStyleLine
L00222320002;ВАЛЫ ПРОЧИЕ (2-сторон.1-линию);NoneStyleLine
S0022241000;КАРСТОВЫЕ,ТЕРМОКАРСТ.ВОРОНКИ ;NoneStylePoly
P0022241000;КАРСТОВЫЕ,ТЕРМОКАРСТ.ВОРОНКИ ;Карстовые воронки_100к
S0022242000;РАЙОНЫ РАСПРОСТРАНЕНИЯ КАРСТА ;NoneStylePoly
S0022250000;ЯМЫ;NoneStylePoly
P0022250000;ЯМЫ;Ямы_100к
S0022260000;ОПОЛЗНИ ;NoneStylePoly
P0022310000;СКАЛЫ-ОСТАНЦЫ ;Скалы-останцы (крупные)_100к
L0022320000;ДАЙКИ И ДР.КРУТОСТЕННЫЕ ГРЯДЫ;Дайки_100к
S0022410000;СКАЛЫ И СКАЛИСТЫЕ ОБРЫВЫ;NoneStylePoly
S0022421000;КРАТЕРЫ ГРЯЗЕВЫХ ВУЛКАНОВ;NoneStylePoly
S00224210001;КРАТЕРЫ ГРЯЗЕВЫХ ВУЛКАНОВ(к-с);NoneStylePoly
P0022421000;КРАТЕРЫ ГРЯЗЕВЫХ ВУЛКАНОВ;Кратеры грязевых вулканов_25к-50к
S0022422000;КРАТЕРЫ ОБЫЧНЫХ ВУЛКАНОВ;NoneStylePoly
S00224220001;КРАТЕРЫ ОБЫЧНЫХ ВУЛКАНОВ (к-с);NoneStylePoly
P0022422000;КРАТЕРЫ ОБЫЧНЫХ ВУЛКАНОВ;Кратеры вулканов, не выражающиеся в масштабе карты_100к
S0022431000;ЛАВОВЫЕ ПОТОКИ;NoneStylePoly
S0022432000;ЛАВОВЫЕ ПОКРОВЫ;NoneStylePoly
S0022511000;НАЛЕДИ;NoneStylePoly
S0022520000;КУРГАНЫ И БУГРЫ;Курганы и бугры (полигон)_25к-100к
P0022520000;КУРГАНЫ И БУГРЫ;Курганы и бугры_100к
S0022521000;КУРГАНЫ ;NoneStylePoly
P0022521000;КУРГАНЫ ;NoneStyleMark
S0022522000;БУГРЫ;NoneStylePoly
P0022522000;БУГРЫ ;NoneStyleMark
P0022611000;СКОПЛЕНИЕ КАМНЕЙ;Скопления камней_100к
P0022612000;ОТДЕЛЬНО ЛЕЖАЩИЕ КАМНИ ;Отдельно лежащие камни_100к
L0022613000;ГРЯДЫ КАМНЕЙ (естественные);NoneStyleLine
L00226130001;ГРЯДЫ КАМНЕЙ (искусственные);NoneStyleLine
S0022620000;ОСЫПИ (твердых пород);NoneStylePoly
S00226200001;ОСЫПИ (рыхлых пород);NoneStylePoly
L0022630000;ОБРЫВЫ ЗЕМЛЯНЫЕ ;NoneStyleLine
L00226300001;ОБРЫВЫ ЗЕМЛЯНЫЕ(искусственные);обрывчик
S0022630000;ОБРЫВЫ ЗЕМЛЯНЫЕ(искусственные);NoneStylePoly
S00226300001;ОБРЫВЫ ЗЕМЛЯНЫЕ;NoneStylePoly
L0022650000;ЗАДЕРНОВАННЫЕ УСТУПЫ;NoneStyleLine
L0022660000;УКРЕПЛЕННЫЕ УСТУПЫ ПОЛЕЙ;NoneStyleLine
L0071111110;ЛЕСА ГУСТЫЕ ВЫСОКИЕ (ОБЫЧНЫЕ);NoneStyleLine
P0071111113;КОЛКИ;NoneStyleMark
P0071111114;РОЩИ ОРИЕНТИРЫ (хвойные);NoneStyleMark
P0071111115;РОЩИ ОРИЕНТИРЫ (лиственные);NoneStyleMark
P0071111116;РОЩИ ОРИЕНТИРЫ (смешан.пород);NoneStyleMark
S0071111117;ПАЛЬМОВЫЕ РОЩИ ;NoneStylePoly
P0071111117;ПАЛЬМОВЫЕ РОЩИ ;NoneStyleMark
S0071111210;ЛЕСА РЕДКИЕ ВЫСОКИЕ (ОБЫЧНЫЕ);NoneStylePoly
P0071111210;ЛЕСА РЕДКИЕ ВЫСОКИЕ (ОБЫЧНЫЕ);NoneStyleMark
S0071111220;ЛЕСА РЕДКИЕ НИЗКОРОСЛЫЕ ;NoneStylePoly
P0071111220;ЛЕСА РЕДКИЕ НИЗКОРОСЛЫЕ ;NoneStyleMark
P0071112100;БУРЕЛОМЫ ;NoneStyleMark
S0071112200;ЛЕСА ГОРЕЛЫЕ И СУХОСТОЙНЫЕ ;Горелые и сухостойные леса_100к
P0071112200;ЛЕСА ГОРЕЛЫЕ И СУХОСТОЙНЫЕ ;Горелые леса (точечный)_100к
S0071112300;ЛЕСА ВЫРУБЛЕННЫЕ  ;Вырубленные леса_100к
P0071112300;ЛЕСА ВЫРУБЛЕННЫЕ  ;Вырубленные леса (точечный)_100к
L0071113000;ПОРОСЛЬ ЛЕСА ;NoneStyleLine
P0071114000;СТЛАНИК ;NoneStyleMark
L0071131000;ОБСАД.ВДОЛЬ ДОРОГ,РЕК(одност.);NoneStyleLine
L00711310001;ОБСАДКА ВДОЛЬ ДОРОГ,РЕК двуст.;NoneStyleLine
P0071132100;ДЕРЕВЬЯ(не имеющ.знач ориент.);Отдельные деревья, не имеющие значения ориентирования_100к
P0071132210;ДЕРЕВЬЯ ОРИЕНТИРЫ (хвойные);Отдельностоящие хвойные деревья_100к
P0071132220;ДЕРЕВЬЯ ОРИЕНТИРЫ (лиственные);Отдельностоящие лиственные деревья_100к
P0071132230;ОТДЕЛЬНЫЕ ПАЛЬМЫ (ориентиры)  ;NoneStyleMark
P0071211100;КУСТАРНИКИ КОЛЮЧИЕ ;Кустарники колючие (точечный)_100к
L0071211200;КУСТАРНИКИ ОБЫЧНЫЕ;NoneStyleLine
P0071211200;КУСТАРНИКИ ОБЫЧНЫЕ;Кустарники (точечный)_100к
P0071214000;САКСАУЛ ;Саксаул (точечный)_100к
P0071222000;ВИНОГРАДНИКИ ;NoneStyleMark
L0071224300;КУСТАР.ОБСАДКА (односторонняя);NoneStyleLine
L00712243001;КУСТАР.ОБСАДКА (двусторонняя);NoneStyleLine
V0071224300;КУСТАРНИКОВАЯ ОБСАДКА ;NoneStyleLine
S0071312000;ВЫСОКОТРАВНАЯ РАСТИТЕЛЬНОСТЬ;Высокотравная растительность_100к
S0071314000;ЛУГОВАЯ РАСТИТЕЛЬНОСТЬ;Луговая травянистая растительность_25к
S0071315000;СТЕПНАЯ ТРАВЯНИСТАЯ РАСТИТ.;Степная растительность_100к
S0071321000;ПЛАНТАЦИИ ТРАВЯН.ТЕХ.КУЛЬТУР ;NoneStylePoly
S0071322100;РИСОВЫЕ ПОЛЯ (затопляемые);NoneStylePoly
S0071322200;РИСОВЫЕ ПОЛЯ (увлажняемые);NoneStylePoly
L0071323000;ПАРНИКИ,ТЕПЛИЦЫ,ОРАНЖЕРЕИ ;NoneStyleLine
S0071323000;ПАРНИКИ,ТЕПЛИЦЫ,ОРАНЖЕРЕИ;NoneStylePoly
V0071323000;ПАРНИКИ,ТЕПЛИЦЫ,ОРАНЖЕРЕИ ;NoneStyleLine
S0071324100;ПАШНИ;NoneStylePoly
S0071410000;ПОЛУКУСТАРНИКИ ;NoneStylePoly
S0071500000;МОХОВАЯ И ЛИШАЙНИКОВАЯ РАСТИТ.;Моховая и лишайниковая растительность_50-100к
L0071610000;ПРОСЕКИ;NoneStyleLine
S0071610000;ПРОСЕКИ;NoneStylePoly
S0071620000;ЛЕСНЫЕ КВАРТАЛЫ;NoneStylePoly
S0071630000;ПОЛЯНЫ;NoneStylePoly
S0031110000;ОКЕАНЫ И МОРЯ;Водоёмы
S0031120000;ОЗЕРА ПОСТОЯННЫЕ;Водоёмы
S00311200001;ОЗЕРА ПЕРЕСЫХАЮЩИЕ;Водоёмы пересыхающие_25к-50к
S0031131000;ВОДОХРАНИЛИЩА ;Водоёмы
S00311310001;ВОДОХРАНИЛИЩА (строящиеся);NoneStylePoly
P0031131000;ВОДОХРАНИЛИЩА ;Водохранилища и другие сооружения для сбора воды, не выражающиеся в масштабе карты_100к
S0031132000;ПРУДЫ;Водоёмы
P0031132000;ПРУДЫ;NoneStyleMark
S0031133000;БАССЕЙНЫ;Водоёмы
P0031133000;БАССЕЙНЫ;NoneStyleMark
S0031134000;ДОЖДЕВЫЕ ЯМЫ,СООР.ДЛЯ СБ.ВОДЫ;NoneStylePoly
P0031134000;ДОЖДЕВЫЕ ЯМЫ,СООР.ДЛЯ СБ.ВОДЫ;NoneStyleMark
S0031140000;ПЛОЩАДИ РАЗЛИВОВ,ЗОНЫ ЗАТОПЛ.;NoneStylePoly
L0031410000;РЕКИ ПОСТОЯННЫЕ (менее 10м)  ;Реки_0,3
L00314100001;РЕКИ ПЕРЕСЫХАЮЩИЕ (менее 10м);Реки пересыхающие_0,3
L00314100002;ПОДЗЕМНЫЕ РЕКИ (менее 10м) ;Реки подземные
L00314100003;РЕКИ ПОСТОЯННЫЕ (от 10 до 60м);Реки_0,7
L00314100004;РЕКИ ПЕРЕСЫХАЮЩИЕ(от10 до 60м);Реки пересыхающие_0,7
L00314100005;РЕКИ ПОДЗЕМНЫЕ ( 10м и более );Реки подземные
L00314100006;РЕКИ ПО НАЛЕДИ;NoneStyleLine
S0031410000;РЕКИ ПОСТОЯННЫЕ ;Водоёмы
S00314100001;РЕКИ ПЕРЕСЫХАЮЩИЕ;Водоёмы пересыхающие_25к-50к
L0031420000;РУЧЬИ ПОСТОЯННЫЕ;NoneStyleLine
L00314200001;РУЧЬИ ПЕРЕСЫХАЮЩИЕ;NoneStyleLine
L00314200002;РУЧЬИ ПРОПАДАЮЩИЕ ;NoneStyleLine
L00314200003;РУЧЬИ ПО НАЛЕДИ ;NoneStyleLine
L0031431110;КАНАЛЫ СУДОХОДНЫЕ (от3 до10м);NoneStyleLine
L00314311101;КАНАЛЫ СУДОХОДНЫЕ (от10 до60м);NoneStyleLine
S0031431110;КАНАЛЫ СУДОХОДНЫЕ ;Водоёмы
L0031431120;КАНАЛЫ НЕСУДОХОДНЫЕ (менее 3м);NoneStyleLine
L00314311201;КАНАЛЫ НЕСУДОХОДНЫЕ(от3 до10м);NoneStyleLine
L00314311202;КАНАЛЫ НЕСУДОХОДНЫЕ (от10-60м);NoneStyleLine
S0031431120;КАНАЛЫ НЕСУДОХОДНЫЕ ;Водоёмы
L0031431200;КАНАЛЫ ПОДЗЕМНЫЕ (от 3 до 10м);NoneStyleLine
L00314312001;КАНАЛЫ ПОДЗЕМНЫЕ(от 10 до 60м);NoneStyleLine
L0031431310;КАНАЛЫ СТР.СУДОХ.(10м и более);NoneStyleLine
L00314313101;КАНАЛЫ СТР.СУДОХОДНЫЕ (3-10м );NoneStyleLine
S0031431310;КАНАЛЫ СУДОХОДНЫЕ СТРОЯЩИЕСЯ;NoneStylePoly
L0031431320;КАНАЛЫ СТР.НЕСУДОХОДЫЕ (3-10м);NoneStyleLine
L00314313201;КАНАЛЫ СТР.НЕСУДОХОД.(10 и б.);NoneStyleLine
S0031431320;КАНАЛЫ НЕСУДОХОДНЫЕ СТРОЯЩИЕСЯ;NoneStylePoly
L0031431520;ОРОСИТЕЛЬНЫЕ КАНАЛЫ;NoneStyleLine
L0031432000;КАНАВЫ (менее 3м) ;NoneStyleLine
L00314320001;КАНАВЫ (от 3 до 10м) ;NoneStyleLine
L00314320002;КАНАВЫ (от 10 до 60м) ;NoneStyleLine
L0031432200;КАНАВЫ СУХИЕ (менее 10м) ;NoneStyleLine
L00314322001;КАНАВЫ СУХИЕ (10м и более) ;NoneStyleLine
V0031612000;ИСТОЧНИКИ НЕОБОРУДОВАННЫЕ;NoneStyleLine
P0031620000;ГЕЙЗЕРЫ;NoneStyleMark
S0031211000;ОТМЕЛИ;NoneStylePoly
S0031212000;МЕЛИ;NoneStylePoly
S0031220000;БЕРЕГА ОПАСНЫЕ;NoneStylePoly
V0031220000;БЕРЕГА ОПАСНЫЕ   ;NoneStyleLine
S00312300004;БЕРЕГА ОСЫХАЮЩИЕ(песч.-камен.);NoneStylePoly
L0031242000;БЕРЕГА ОБРЫВ.(СКАЛ.) БЕЗ ПЛЯЖА;NoneStyleLine
S0031250000;МЕСТА СКОПЛЕНИЯ ПЛАВНИКА;NoneStylePoly
L0031335100;ВОДОПАДЫ;NoneStyleLine
V0031335100;ВОДОПАДЫ ;NoneStyleLine
L0031335200;ПОРОГИ ;NoneStyleLine
S0031335200;ПОРОГИ ;NoneStylePoly
V0031335200;ПОРОГИ ;NoneStyleLine
L0031521000;НАПРАВЛЕНИЕ ОСНОВНОГО ТЕЧЕНИЯ ;NoneStyleLine
V0031532000;ХАРАКТЕРИСТИКИ СУХИХ КАНАВ;NoneStyleLine
L0031540000;УКАЗАТЕЛИ НАЧАЛА РЕГУЛ.СУДОХ.;NoneStyleLine
L0031541000;УКАЗ.НАЧАЛА СУДОХ.МАЛОМ.СУДОВ;NoneStyleLine
L0031700000;БЕРЕГОВАЯ ЛИНИЯ ПОСТОЯННАЯ;NoneStyleLine
L0032431100;ЛИНИЯ,СОЕДИНЯЮЩАЯ СТВОРН.ЗНАКИ;NoneStyleLine
S0034000000;ОСТРОВА ;NoneStylePoly
P0034000000;ОСТРОВА;NoneStyleMark
S0031337200;КЛАДБИЩЕ КОРАБЛЕЙ;NoneStylePoly
P0031337200;КЛАДБИЩА КОРАБЛЕЙ;NoneStyleMark
V0031337300;ВЫБРОШЕННОЕ СУДНО;NoneStyleLine
P0031611000;ИСТОЧНИКИ ОБОРУДОВАННЫЕ;Оборудованные источники_100к
P0031631000;КОЛОДЦЫ(СКВАЖИНЫ) АРТЕЗИАНСКИЕ;Артезианские колодцы и артезианские скважины_100к
P0031632000;КОЛОДЦЫ С ВЕТРЯНЫМ ДВИГАТЕЛЕМ ;NoneStyleMark
P0031633100;КОЛОДЦЫ БЕТОН.С МЕХАН.ПОДЪЕМОМ;Колодцы бетонированные с механическим подъемом воды_25к-50к
P0031634000;ЧИГИРИ ;Чигири_100к
P0031635000;КОЛОДЦЫ ПРОЧИЕ;Колодцы_100к
P0031636000;КОЛОДЦЫ ГЛАВНЫЕ;Главные колодцы_100к
L00321100001;ПЛОТИНЫ;NoneStyleLine
V0032110000;ПЛОТИНЫ ;NoneStyleLine
L0032110100;СТОРОНА ПЛОТИНЫ, ДАМБЫ ;Дамбы(1)_25к-100к
L0032120000;ШЛЮЗЫ;NoneStyleLine
S0032120000;ШЛЮЗЫ;NoneStylePoly
V0032120000;ШЛЮЗЫ ;NoneStyleLine
L0032121000;ВОРОТА ШЛЮЗОВ ;NoneStyleLine
V0032121000;ВОРОТА ШЛЮЗОВ ;NoneStyleLine
L0032121100;ВОРОТА ШЛЮЗОВ С МОСТАМИ;NoneStyleLine
L0032130000;ДАМБЫ (двусторонние в 2 линии);Дамбы(3)_100к
S0032130000;ДАМБЫ;NoneStylePoly
L0032140000;НАБЕРЕЖНЫЕ ДЕРЕВЯННЫЕ;NoneStyleLine
L0032150000;БЕРЕГА С УКРЕПЛЕННЫМИ ОТКОСАМИ;Берега с укреплёнными откосами(1)_100к
L0032160000;ВОЛНОЛОМЫ И БУНЫ;NoneStyleLine
V0032160000;ВОЛНОЛОМЫ И БУНЫ ;NoneStyleLine
L0032230000;МОЛЫ И ПРИЧАЛЫ;NoneStyleLine
S0032230000;МОЛЫ И ПРИЧАЛЫ;NoneStylePoly
V0032230000;МОЛЫ И ПРИЧАЛЫ ;NoneStyleLine
S0032240000;ПРИСТАНИ С ОБОРУДОВ.ПРИЧ.(к-с);NoneStylePoly
S00322400001;ПРИСТАНИ С ОБОРУДОВ.ПРИЧАЛАМИ;NoneStylePoly
V0032240000;ПРИСТАНИ С ОБОРУДОВ.ПРИЧАЛАМИ;NoneStyleLine
L0032330000;АКВЕДУКИ ;NoneStyleLine
S0032330000;АКВЕДУКИ;NoneStylePoly
V0032330000;АКВЕДУКИ ;NoneStyleLine
L0032331000;СТОРОНА АКВЕДУКА;NoneStyleLine
V0032340000;ВОДОРАСПРЕД.УСТР.(в 2 стороны);NoneStyleLine
V00323400001;ВОДОРАСПРЕД.УСТРОЙСТВА (влево);NoneStyleLine
V00323400002;ВОДОРАСПРЕД.УСТРОЙСТВА(вправо);NoneStyleLine
P0032431000;СТВОРНЫЕ ЗНАКИ ;NoneStyleMark
P0032460000;ВОДОМЕРНЫЕ ПОСТЫ;Водомерные посты_100к
P0032461000;ФУТШТОКИ;NoneStyleMark
L0033111000;ПАРОМЫ ЖЕЛЕЗНОДОРОЖНЫЕ;NoneStyleLine
L0033112000;ПАРОМЫ АВТОМОБИЛЬНЫЕ ;NoneStyleLine
L0033113000;ПАРОМЫ АВТОГУЖЕВЫЕ  ;NoneStyleLine
V0033113000;ПАРОМЫ АВТОГУЖЕВЫЕ  ;NoneStyleLine
L0033120000;ПЕРЕВОЗЫ ;NoneStyleLine
V0033120000;ПЕРЕВОЗЫ  ;NoneStyleLine
L0033130000;БРОДЫ;NoneStyleLine
P0033130000;БРОДЫ;NoneStyleMark
L0061111000;ЖЕЛЕЗНЫЕ ДОРОГИ.ШИРОКОКОЛЕЙНЫЕ;ЖД ширококолейные_25к-100к
L0061112000;ЖЕЛЕЗНЫЕ ДОРОГИ УЗКОКОЛЕЙНЫЕ;ЖД узкоколейные_25к-100к
L0061113000;ЖЕЛЕЗНЫЕ ДОРОГИ МОНОРЕЛЬСОВЫЕ ;ЖД монорельсовые_25к-100к
L0061114000;ПОЛОТНО РАЗОБРАННЫХ ЖЕЛ.ДОРОГ;NoneStyleLine
L0061121000;СТАНЦИОННЫЕ ПУТИ;NoneStyleLine
L0061123000;ЛИНИИ МЕТРОПОЛИТЕНА (1-выход);NoneStyleLine
L00611230001;ЛИНИИ МЕТРОПОЛИТЕНА (2 выхода);NoneStyleLine
L00611230002;ЛИНИИ МЕТРО (выходы не показ.);NoneStyleLine
L0061124000;ТРАМВАЙНЫЕ ЛИНИИ;NoneStyleLine
L0061210000;АВТОМАГИСТРАЛИ (АВТОСТРАДЫ);Автомагистрали_50к-100к
L0061220000;УСОВЕРШЕНСТВОВАННЫЕ ШОССЕ;Шоссе усовершенствованные_50к-100к
L0061230000;ШОССЕ ;Шоссе_50к-100к
L0061310000;УЛУЧШЕННЫЕ ГРУНТОВЫЕ ДОРОГИ;Дороги грунтовые улучшенные_50к-100к
L0061320000;ГРУНТОВЫЕ ПРОСЕЛОЧНЫЕ ДОРОГИ  ;Дороги грунтовые_50к-100к
L0061330000;ПОЛЕВЫЕ И ЛЕСНЫЕ ДОРОГИ;Дороги полевые и лесные_50к-100к
L0061410000;КАРАВАН.ПУТИ И ВЬЮЧНЫЕ ТРОПЫ;Караванные тропы_50к-100к
L0061420000;ПЕШЕХОДНЫЕ ТРОПЫ ;NoneStyleLine
L00614200001;ДОРОЖКИ И АЛЛЕИ В ПАРКАХ;NoneStyleLine
L0061500000;АВТОДОРОГИ С ДЕРЕВЯН.ПОКРЫТИЕМ;Дороги деревянные_50к-100к
L0061600000;ЗИМНИЕ ДОРОГИ(зимники,автозим);NoneStyleLine
L0061610000;ЗИМНИЕ ДОРОГИ (неотображаемые);NoneStyleLine
L0061611000;ГРУППЫ ШТРИХОВ ЗИМНИХ ДОРОГ;NoneStyleLine
L0061700000;ФУНИКУЛЕРЫ;NoneStyleLine
L0061810000;ПОДВЕСНЫЕ ДОРОГИ;NoneStyleLine
V0061950000;ОВРИНГИ ;NoneStyleLine
S0061970000;ТРАНСПОРТ.РАЗВЯЗКИ НА АВТОДОР.;NoneStylePoly
V0061970000;ТРАНСПОРТ.РАЗВЯЗКИ НА АВТОДОР.;NoneStyleLine
V0061980000;СЪЕЗДЫ С АВТОМОБИЛЬНЫХ ДОРОГ;NoneStyleLine
V006196;ПЕРЕВАЛЫ ПРОЧИЕ;NoneStyleLine
L0062110000;ДЕПО;NoneStyleLine
S0062110000;ДЕПО (к-с);NoneStylePoly
S00621100001;ДЕПО;NoneStylePoly
V0062110000;ДЕПО;NoneStyleLine
L0062120000;ВОКЗАЛЫ ;NoneStyleLine
S0062120000;ВОКЗАЛЫ ;NoneStylePoly
V0062120000;ВОКЗАЛЫ;NoneStyleLine
S0062131000;СТАНЦИИ ВСЕХ КЛАССОВ;NoneStylePoly
V0062131000;СТАНЦИИ Ж/Д (сбоку путей);NoneStyleLine
V00621310001;СТАНЦИИ Ж/Д (между путями);NoneStyleLine
V00621310002;СТАНЦИИ Ж/Д(распол.неизвестно);NoneStyleLine
V00621310003;СТАНЦИИ НА УЗКОКОЛЕЙНОЙ Ж/Д ;NoneStyleLine
P0062132000;СТАНЦИИ МЕТРОПОЛИТЕНА;NoneStyleMark
V0062132000;СТАНЦИИ МЕТРОПОЛИТЕНА ;NoneStyleLine
V0062133000;ОСТАНОВОЧН.И ОБГОННЫЕ ПУНКТЫ ;NoneStyleLine
V0062134000;ПЛАТФОРМЫ ;NoneStyleLine
V0062136000;РАЗЪЕЗДЫ ;NoneStyleLine
V0062141000;БЛОКПОСТЫ (примыкает к объек.);NoneStyleLine
V00621410001;БЛОКПОСТЫ (рядом с объектом);NoneStyleLine
V0062142000;ПУТЕВЫЕ ПОСТЫ(примыкает к об.);NoneStyleLine
V00621420001;ПУТЕВЫЕ ПОСТЫ (рядом с об.);NoneStyleLine
V0062142200;БУДКИ НА Ж/Д (примыкает к об.);NoneStyleLine
V00621422001;БУДКИ НА Ж/Д (рядом с об.);NoneStyleLine
V0062142300;КАЗАРМЫ НА Ж/Д (примык.к об.);NoneStyleLine
V00621423001;КАЗАРМЫ НА Ж/Д (рядом с об.) 2;NoneStyleLine
P0062144000;ПОВОРОТНЫЕ КРУГИ ;NoneStyleMark
V0062145100;ПОСТЫ(при ж/д переезд.рядом);NoneStyleLine
V00621451001;ПОСТЫ(при ж/д переезд.примык.);NoneStyleLine
V0062210000;ЛЕГКИЕ ПРИДОРОЖНЫЕ СООРУЖЕНИЯ;NoneStyleLine
V0062221000;КИЛОМЕТРОВЫЕ ЗНАКИ ;NoneStyleLine
L0062230000;СТОЯНКИ ТРАНСПОРТА НА АВТОДОР.;NoneStyleLine
S0062230000;СТОЯНКИ ТРАНСПОРТА НА АВТОДОР.;NoneStylePoly
V0062230000;СТОЯНКИ ТРАНСПОРТА НА АВТОДОР.;NoneStyleLine
L0062311000;МОСТЫ НА ОБЩЕМ ПРОЛЕТ.ОСНОВАН.;NoneStyleLine
S0062311000;МОСТЫ НА ОБЩЕМ ПРОЛЕТ.ОСНОВАН.;NoneStylePoly
L0062312000;МОСТЫ НА РАЗОБЩ.ПРОЛЕТ.ОСНОВ.;NoneStyleLine
S0062312000;МОСТЫ НА РАЗОБЩ.ПРОЛЕТ.ОСНОВ.;NoneStylePoly
L0062313000;МОСТЫ МНОГОЯРУСНЫЕ ;NoneStyleLine
S0062313000;МОСТЫ МНОГОЯРУСНЫЕ ;NoneStylePoly
L0062314000;МОСТЫ ПОДЪЕМНЫЕ И РАЗВОДНЫЕ;NoneStyleLine
S0062314000;МОСТЫ ПОДЪЕМНЫЕ И РАЗВОДНЫЕ ;NoneStylePoly
L0062315000;МОСТЫ ПРОЧИЕ;NoneStyleLine
S0062315000;МОСТЫ ПРОЧИЕ;NoneStylePoly
V0062315000;МОСТЫ ПРОЧИЕ ;NoneStyleLine
L0062317000;МОСТЫ ПЕШЕХОДНЫЕ ;NoneStyleLine
V0062317000;МОСТЫ ПЕШЕХОДНЫЕ ;NoneStyleLine
V0062318000;МОСТЫ ЧЕРЕЗ НЕЗ.ПРЕПЯТ.у-г/д.;NoneStyleLine
V00623180001;МОСТЫ ЧЕРЕЗ НЕЗН.ПРЕПЯТ.г/дор.;NoneStyleLine
V00623180002;МОСТЫ ЧЕРЕЗ НЕЗ.ПРЕПЯТ.а/дор.;NoneStyleLine
L0062321000;ПУТЕПРОВОДЫ НА ОБЩ.ПРОЛ.ОСНОВ.;NoneStyleLine
S0062321000;ПУТЕПРОВОДЫ НА ОБЩ.ПРОЛ.ОСНОВ.;NoneStylePoly
L0062322000;ПУТЕПРОВОДЫ НА РАЗОБ.ПРОЛ.ОСН.;NoneStyleLine
S0062322000;ПУТЕПРОВОДЫ НА РАЗОБ.ПРОЛ.ОСН.;NoneStylePoly
L0062323000;ПУТЕПРОВОДЫ МНОГОЯРУСНЫЕ ;NoneStyleLine
S0062323000;ПУТЕПРОВОДЫ МНОГОЯРУСНЫЕ;NoneStylePoly
L0062324000;ПУТЕПРОВОДЫ,ВИАДУКИ (прочие);NoneStyleLine
S0062324000;ПУТЕПРОВОДЫ ПРОЧИЕ;NoneStylePoly
V0062324000;ПУТЕПРОВОДЫ ПРОЧИЕ ;NoneStyleLine
L0062329000;СТОРОНА МОСТА,ПУТЕПРОВОДА,ЭСТ.;NoneStyleLine
L0062331000;ТУННЕЛИ НА ШОССЕ;NoneStyleLine
L00623310001;ТУННЕЛИ НА УСОВЕРШЕН. ШОССЕ;NoneStyleLine
L00623310002;ТУННЕЛИ НА Ж/Д ;NoneStyleLine
L00623310003;ТУННЕЛИ НА АВТОМАГИСТРАЛИ;NoneStyleLine
L00623310004;ТУННЕЛИ НА ГРУНТОВЫХ ДОРОГАХ;NoneStyleLine
V0062331000;ТУННЕЛИ НА ЖЕЛЕЗНОЙ ДОРОГЕ;NoneStyleLine
V00623310001;ТУННЕЛИ НА АВТОДОРОГЕ;NoneStyleLine
L0062332000;ГАЛЕРЕИ НА Ж/Д ;NoneStyleLine
L00623320001;ГАЛЕРЕИ НА АВТОМАГИСТРАЛИ;NoneStyleLine
L00623320002;ГАЛЕРЕИ НА УСОВЕРШЕНСТВ.ШОССЕ;NoneStyleLine
L00623320003;ГАЛЕРЕИ НА ШОССЕ;NoneStyleLine
L0062371000;ТРУБЫ ВОДОПРОПУСКНЫЕ;Водопроводы_100к
V0062371000;ТРУБЫ ВОДОПРОПУСКНЫЕ (на ж/д);NoneStyleLine
V00623710001;ТРУБЫ ВОДОПРОПУСК.на у/гр.дор.;NoneStyleLine
V00623710002;ТРУБЫ ВОДОПРОПУСК.(на гр.дор.);NoneStyleLine
V00623710003;ТРУБЫ ВОДОПРОПУСК. на автомаг.;NoneStyleLine
V00623710004;ТРУБЫ ВОДОПРОПУСК. на ус.шоссе;NoneStyleLine
V00623710005;ТРУБЫ ВОДОПРОПУСК. (на шоссе);NoneStyleLine
V00623710006;ТРУБЫ ВОДОПРОПУСК.(вне дорог);NoneStyleLine
L0062391000;ПОДЗЕМНЫЕ ПЕРЕХОДЫ;NoneStyleLine
L0062392000;ПЕРЕХОДНЫЕ МОСТИКИ;NoneStyleLine
L0062393000;ЛЕСТНИЦЫ ДЛЯ ПОДЪЕМА;NoneStyleLine
V0063300000;НОМЕР АВТОМОБИЛЬНОЙ ДОРОГИ ;NoneStyleLine
P0042300000;ПОСТОЯННЫЕ СТОЯНКИ ЮРТ,ЧУМОВ;NoneStyleMark
S0043300000;РАЗРУШ.(ПОЛУРАЗРУШ.) Н/ПУНКТЫ;NoneStylePoly
S0045100001;КВАРТАЛЫ НЕЗАСТРОЕННЫЕ;whitePoly
S0045111000;КВАРТ.ПЛОТ.ЗАСТР.В КРУП.ГОРОДЕ;orangePoly
L00452000004;УЛИЦЫ МАГИСТРАЛЬНЫЕ И ГЛАВНЫЕ;whiteLine
L00452000005;УЛИЦЫ МАГИСТР.И ГЛАВ.С ЗАЛИВ.;orangeLine
L00452000006;ПРОЕЗДЫ;blackLine
L00452000007;УЛИЦЫ ПРОЧИЕ;whiteLine
S0045200000;УЛИЦЫ;NoneStylePoly
L0045210000;СТОРОНА УЛИЦЫ (ПЛОЩАДИ И Т.П.);blackLine
S0045300000;ПЛОЩАДИ;NoneStylePoly
S0045510000;РАЙОНЫ НОВОГО ЖИЛИЩН.СТРОИТЕЛ.;NoneStylePoly
S0045520000;РАЙОНЫ НОВОГО ПРОМ.СТРОИТЕЛ.;NoneStylePoly
S0051111000;КАРЬЕРЫ;Карьеры (полигон)_25к-100к
P0051111000;КАРЬЕРЫ;Карьеры (точечный)_100к
V0051111000;КАРЬЕРЫ ;NoneStyleLine
S0051111100;ИЗРЫТЫЕ МЕСТА;NoneStylePoly
S0051112000;ОТКРЫТЫЕ СОЛЯНЫЕ РАЗРАБОТКИ;NoneStylePoly
S00511120001;ОТКРЫТЫЕ СОЛЯН.РАЗРАБОТКИ(к-с);NoneStylePoly
P0051112000;ОТКРЫТЫЕ СОЛЯНЫЕ РАЗРАБОТКИ;NoneStyleMark
S0051113000;ТОРФОРАЗРАБОТКИ;NoneStylePoly
P0051113000;ТОРФОРАЗРАБОТКИ;Торфоразработки_100к
S0051121100;ШАХТЫ ;NoneStylePoly
P0051121100;ШАХТЫ;Устья шахтных стволов и штолен_100к
S0051122000;РУДНИКИ, ПРИИСКИ, КОПИ;NoneStylePoly
P0051122000;РУДНИКИ,ПРИИСКИ,КОПИ (действ.);NoneStyleMark
S0051123000;ТЕРРИКОНЫ И ОТВАЛЫ (к-с);NoneStylePoly
S00511230001;ТЕРРИКОНЫ И ОТВАЛЫ ;NoneStylePoly
P0051123000;ТЕРРИКОНЫ И ОТВАЛЫ;Терриконы, отвалы пород (точечный)_100к
S0051123100;ТЕРРИКОНЫ ;NoneStylePoly
S00511231001;ТЕРРИКОНЫ (к-с);NoneStylePoly
P0051123100;ТЕРРИКОНЫ ;NoneStyleMark
S0051123200;ОТВАЛЫ ;NoneStylePoly
S00511232001;ОТВАЛЫ (к-с);NoneStylePoly
P0051123200;ОТВАЛЫ ;NoneStyleMark
P0051124000;СКВАЖИНЫ ;NoneStyleMark
P0051124310;СКВАЖИНЫ НЕФТЯНЫЕ;Нефтяные, газовые и другие скважины без вышек_100к
P0051124320;СКВАЖИНЫ ГАЗОВЫЕ;ННефтяные, газовые и другие скважины без вышек_100к
P0051124330;СКВАЖИНЫ ГИДРОЛОГИЧЕСКИЕ;NoneStyleMark
S0051125000;НЕФТЯНЫЕ И ГАЗОВЫЕ ПРОМЫСЛЫ;NoneStylePoly
P0051126000;ШУРФЫ;NoneStyleMark
L0051131000;ПРОМ.ПРЕДПРИЯТИЯ С ТРУБАМИ ;NoneStyleLine
S0051131000;ПРОМ.ПРЕДПРИЯТИЯ С ТРУБАМИ ;NoneStylePoly
S00511310001;ПРОМ.ПРЕДПРИЯТИЯ С ТРУБАМИ,к-с;NoneStylePoly
P0051131000;ПРОМ.ПРЕДПРИЯТИЯ С ТРУБАМИ ;NoneStyleMark
L0051132000;ПРОМ.ПРЕДПРИЯТИЯ БЕЗ ТРУБ ;NoneStyleLine
S0051132000;ПРОМ.ПРЕДПРИЯТИЯ БЕЗ ТРУБ(к-с);NoneStylePoly
S00511320001;ПРОМ.ПРЕДПРИЯТИЯ БЕЗ ТРУБ ;NoneStylePoly
P0051132000;ПРОМ.ПРЕДПРИЯТИЯ БЕЗ ТРУБ ;Заводы, фабрики и мельницы без труб_100к
V0051132000;ПРОМ.ПРЕДПРИЯТИЯ БЕЗ ТРУБ;NoneStyleLine
S0051133100;ГАРАЖИ (к-с);NoneStylePoly
S00511331001;ГАРАЖИ;NoneStylePoly
S0051141100;ЭЛЕКТРОСТАНЦИИ АТОМНЫЕ (к-с);NoneStylePoly
S00511411001;ЭЛЕКТРОСТАНЦИИ АТОМНЫЕ ;NoneStylePoly
S0051141200;ЭЛЕКТРОСТАН.ТЕПЛОВЫЕ (к-с);NoneStylePoly
S00511412001;ЭЛЕКТРОСТАНЦИИ ТЕПЛОВЫЕ ;NoneStylePoly
P0051141200;ЭЛЕКТРОСТАНЦИИ ТЕПЛОВЫЕ;ТЭЦ (точечный)_25к-100к
V0051141200;ЭЛЕКТРОСТАНЦИИ ТЕПЛОВЫЕ;NoneStyleLine
S0051141300;ВЕТРОЭЛЕКТРОСТАНЦИИ (к-с);NoneStylePoly
S00511413001;ВЕТРОЭЛЕКТРОСТАНЦИИ ;NoneStylePoly
P0051141300;ВЕТРОЭЛЕКТРОСТАНЦИИ ;NoneStyleMark
V0051141300;ВЕТРОЭЛЕКТРОСТАНЦИИ;NoneStyleLine
S0051141400;ЭЛЕКТРОСТАНЦИИ ГЕОТЕРМАЛ.(к-с);NoneStylePoly
S00511414001;ЭЛЕКТРОСТАНЦИИ ГЕОТЕРМАЛЬНЫЕ;NoneStylePoly
P0051141400;ЭЛЕКТРОСТАНЦИИ ГЕОТЕРМАЛЬНЫЕ;NoneStyleMark
V0051141400;ЭЛЕКТРОСТАНЦИИ ГЕОТЕРМАЛЬНЫЕ;NoneStyleLine
S0051141500;ЭЛЕКТРОСТ.СОЛНЕЧНЫЕ (к-с);NoneStylePoly
S00511415001;ЭЛЕКТРОСТАНЦИИ СОЛНЕЧНЫЕ ;NoneStylePoly
P0051141500;ЭЛЕКТРОСТАНЦИИ СОЛНЕЧНЫЕ;NoneStyleMark
V0051141500;ЭЛЕКТРОСТАНЦИИ СОЛНЕЧНЫЕ (2) ;NoneStyleLine
L0051142100;ГИДРОЭЛЕКТРОСТАНЦИИ;ГЭС_25к-100к
S0051142100;ГИДРОЭЛЕКТРОСТАНЦИИ ;NoneStylePoly
V0051142100;ГИДРОЭЛЕКТРОСТАНЦИИ;NoneStyleLine
L0051142200;ЭЛЕКТРОСТАНЦИИ ГИДРОАККУМУЛИР.;NoneStyleLine
V0051142200;ЭЛЕКТРОСТАНЦИИ ГИДРОАККУМУЛИР.;NoneStyleLine
L0051142300;ЭЛЕКТРОСТАНЦИИ ПРИЛИВНЫЕ;NoneStyleLine
V0051142300;ЭЛЕКТРОСТАНЦИИ ПРИЛИВНЫЕ ;NoneStyleLine
P0051151000;МЕЛЬНИЦЫ ВОДЯНЫЕ;Водяные мельницы и лесопильни_100к
P0051152000;МЕЛЬНИЦЫ ВЕТРЯНЫЕ ;Ветряные мельницы_100к
S0051153100;МЕЛЬНИЦЫ С ЭЛ.ПРИВ.С ТРУБ. к-с;NoneStylePoly
S00511531001;МЕЛЬНИЦЫ С ЭЛЕКТРОПРИВ.С ТРУБ;NoneStylePoly
P0051153100;МЕЛЬНИЦЫ С ЭЛЕКТРОПРИВ.С ТРУБ.;NoneStyleMark
L0051153200;МЕЛЬНИЦЫ С ЭЛЕКТРОПР.БЕЗ ТРУБ;NoneStyleLine
S0051153200;МЕЛЬНИЦЫ С Э/ПРИВ.БЕЗ ТРУБ к-с;NoneStylePoly
S00511532001;МЕЛЬНИЦЫ С ЭЛЕКТРОПР.БЕЗ ТРУБ;NoneStylePoly
P0051153200;МЕЛЬНИЦЫ С ЭЛЕКТРОПР.БЕЗ ТРУБ;NoneStyleMark
S0051160000;ЛЕСОПИЛЬНИ (к-с);NoneStylePoly
S00511600001;ЛЕСОПИЛЬНИ;NoneStylePoly
P0051160000;ЛЕСОПИЛЬНИ;NoneStyleMark
P0051170000;ПЕЧИ ДЛЯ ОБЖИГА;NoneStyleMark
S0051211000;СКЛАДЫ ОТКРЫТОГО ТИПА (к-с);NoneStylePoly
S00512110001;СКЛАДЫ ОТКРЫТОГО ТИПА;NoneStylePoly
L0051212000;СКЛАДЫ ЗАКРЫТОГО ТИПА ;NoneStyleLine
S0051212000;СКЛАДЫ ЗАКРЫТОГО ТИПА (к-с);NoneStylePoly
S00512120001;СКЛАДЫ ЗАКРЫТОГО ТИПА;NoneStylePoly
V51212000;СКЛАДЫ ЗАКРЫТОГО ТИПА;NoneStyleLine
S0051220000;ЗАПРАВОЧНЫЕ СТАНЦИИ ;NoneStylePoly
P0051220000;ЗАПРАВОЧ.СТАНЦИИ(БЕНЗОКОЛОНКИ);Бензоколонки_100к
L0051320000;ЛЭП;ЛЭП на опорах менее 14м_25к-100к
L0051330000;ЛИНИИ СВЯЗИ;NoneStyleLine
L0051340000;ЛОТКИ ДЛЯ СПУСКА ЛЕСА;NoneStyleLine
P0051410000;КАПИТ.СООРУЖЕНИЯ БАШЕН.ТИПА;Капитальные сооружения башенного типа_100к
P0051411000;ГРАДИРНИ;NoneStyleMark
P0051420000;ЗАВОДСКИЕ И ФАБРИЧНЫЕ ТРУБЫ;Заводские трубы_100к
P0051431000;ВЫШКИ ЛЕГКОГО ТИПА;Вышки лёгкого типа_100к
P0051432000;ВЫШКИ БУРОВЫЕ;NoneStyleMark
P0051432100;ВЫШКИ НЕФТЯНЫЕ;Нефтяные и газовые скважины с вышками_100к
P0051432200;ВЫШКИ ГАЗОВЫЕ;Нефтяные и газовые скважины с вышками_100к
P0051440000;ВЕТРЯНЫЕ ДВИГАТЕЛИ ;Ветряные двигатели_100к
V0051470000;ОПОРЫ НА ЛЭП ;NoneStyleLine
S0051480000;ОТСТОЙНИКИ (к-с);NoneStylePoly
S00514800001;ОТСТОЙНИКИ ;NoneStylePoly
P0051480000;ОТСТОЙНИКИ;NoneStyleMark
L0051500000;ЗДАНИЯ ПРОМ.И С/Х НАЗНАЧЕНИЯ;NoneStyleLine
S0051500000;ЗДАНИЯ ПРОМ.И С/Х НАЗНАЧЕНИЯ;NoneStylePoly
P0051500000;ЗДАНИЯ ПРОМ.И С/Х НАЗНАЧЕНИЯ;NoneStyleMark
V0051500000;ЗДАНИЯ ПРОМ.И С/Х НАЗНАЧЕНИЯ;NoneStyleLine
S0051710000;СВАЛКИ;NoneStylePoly
S00517100001;СВАЛКИ (к-с);NoneStylePoly
L0052100000;СЕЛЬСКОХОЗЯЙСТВ.ПРЕДПРИЯТИЯ;NoneStyleLine
S0052100000;СЕЛЬСКОХОЗ.ПРЕДПРИЯТИЯ (к-с);NoneStylePoly
S00521000001;СЕЛЬСКОХОЗЯЙСТВ. ПРЕДПРИЯТИЯ;NoneStylePoly
P0052100000;СЕЛЬСКОХОЗЯЙСТВ.ПРЕДПРИЯТИЯ;NoneStyleMark
V0052100000;СЕЛЬСКОХОЗ. ПРЕДПРИЯТИЯ;NoneStyleLine
S0052300000;ЗАГОНЫ ДЛЯ СКОТА;NoneStylePoly
V0052300000;ЗАГОНЫ ДЛЯ СКОТА ;NoneStyleLine
S0053110000;АЭРОПОРТЫ,АЭРОДРОМЫ (к-с);NoneStylePoly
S00531100001;АЭРОПОРТЫ,АЭРОДРОМЫ ;NoneStylePoly
P0053110000;АЭРОПОРТЫ,АЭРОДРОМЫ;Аэродром_100к
S0053230000;МОРСКИЕ ПОРТЫ, ГАВАНИ;NoneStylePoly
S0053240000;РЕЧНЫЕ ПОРТЫ;NoneStylePoly
L0053320000;ТЕЛЕВИЗИОННЫЕ ЦЕНТРЫ;NoneStyleLine
S0053320000;ТЕЛЕВИЗИОННЫЕ ЦЕНТРЫ (к-с);NoneStylePoly
S00533200001;ТЕЛЕВИЗИОННЫЕ ЦЕНТРЫ ;NoneStylePoly
P0053320000;ТЕЛЕВИЗИОННЫЕ ЦЕНТРЫ ;NoneStyleMark
P0053330000;ТЕЛЕВИЗИОННЫЕ БАШНИ ;NoneStyleMark
P0053340000;МАЧТЫ (РАДИО и РАДИОРЕЛ.ТЕЛЕ.);NoneStyleMark
S0053350000;МЕТЕОРОЛОГИЧЕСКИЕ СТАНЦИИ;NoneStylePoly
P0053350000;МЕТЕОРОЛОГИЧЕСКИЕ СТАНЦИИ;NoneStyleMark
P0053360000;ТЕЛЕГРАФ.КОНТОРЫ,ТЕЛЕФОН.СТ.;NoneStyleMark
S0053411000;МОНАСТЫРИ ХРИСТИАНСКИЕ (к-с);NoneStylePoly
S00534110001;МОНАСТЫРИ ХРИСТИАНСКИЕ;NoneStylePoly
P0053411000;МОНАСТЫРИ ХРИСТИАНСКИЕ;NoneStyleMark
S0053412000;МОНАСТЫРИ БУДДИЙСКИЕ (к-с);NoneStylePoly
S00534120001;МОНАСТЫРИ БУДДИЙСКИЕ;NoneStylePoly
P0053412000;МОНАСТЫРИ БУДДИЙСКИЕ ;NoneStyleMark
S0053420000;ЦЕРКВИ,КОСТЕЛЫ,КИРХИ ;NoneStylePoly
P0053420000;ЦЕРКВИ,КОСТЕЛЫ,КИРХИ ;Церкви_25к-100к
S0053430000;МЕЧЕТИ;NoneStylePoly
P0053430000;МЕЧЕТИ;Мечети_100к
S0053440000;БУДДИЙСКИЕ ХРАМЫ И ПАГОДЫ;NoneStylePoly
P0053440000;БУДДИЙСКИЕ ХРАМЫ И ПАГОДЫ;Буддийские и другие храмы и пагоды_100к
P0053450000;ЧАСОВНИ;Часовни_100к
P0053460000;ВЕРШИНА ЦЕРКВИ,МЕЧЕТИ,БУД.ХРАМА;NoneStyleMark
S0053511000;КЛАДБИЩА С ГУСТОЙ ДРЕВ.РАСТ.;Кладбища с густой растительностью_100к
S00535110001;КЛАДБИЩА С РАСТИТЕЛЬНОСТЬЮ к-с;NoneStylePoly
V0053511000;КЛАДБИЩА С РАСТИТЕЛЬНОСТЬЮ;NoneStyleLine
S0053512000;КЛАДБИЩА БЕЗ РАСТИТЕЛ. (к-с);NoneStylePoly
S00535120001;КЛАДБИЩА БЕЗ РАСТИТЕЛЬНОСТИ;Кладбища_100к
V0053512000;КЛАДБИЩА БЕЗ РАСТИТЕЛЬНОСТИ;NoneStyleLine
S0053520000;ВЫДАЮЩИЕСЯ ПАМЯТНИКИ;NoneStylePoly
P0053520000;ВЫДАЮЩИЕСЯ ПАМЯТНИКИ;Выдающиеся памятники и монументы_100к
P0053530000;ПАМЯТНИКИ,МОНУМЕНТЫ,МОГИЛЫ;Памятники и монументы_100к
P0053540000;МАЗАРЫ,СУБУРГАНЫ,ОБО;Мазары, субурганы_100к
S0053550000;СКОТОМОГИЛЬНИКИ ;NoneStylePoly
P0053550000;СКОТОМОГИЛЬНИКИ ;NoneStyleMark
L0053600000;ПРОЧИЕ СОЦ.КУЛЬТУРНЫЕ ОБЪЕКТЫ;NoneStyleLine
S0053600000;ПРОЧИЕ СОЦ.КУЛЬТУРНЫЕ ОБЪЕКТЫ;NoneStylePoly
S00536000001;ПРОЧИЕ СОЦ.КУЛЬТУРНЫЕ ОБ.(к-с);NoneStylePoly
P0053600000;ПРОЧИЕ СОЦ.КУЛЬТУРНЫЕ ОБЪЕКТЫ;NoneStyleMark
V0053600000;ПРОЧИЕ СОЦ.КУЛЬТУР.ОБЪЕКТЫ;NoneStyleLine
L0053610000;ЗДАНИЯ СОЦ.КУЛЬТУР.НАЗНАЧЕНИЯ;NoneStyleLine
S0053610000;ЗДАНИЯ СОЦ.КУЛЬТУР.НАЗНАЧЕНИЯ;NoneStylePoly
P0053610000;ЗДАНИЯ СОЦ.КУЛЬТУР.НАЗНАЧЕНИЯ;NoneStyleMark
V0053610000;ЗДАНИЯ СОЦ.КУЛЬТУР.НАЗНАЧЕНИЯ;NoneStyleLine
S0053700000;СПОРТИВНЫЕ СООРУЖЕНИЯ ;NoneStylePoly
P0053700000;СПОРТИВНЫЕ СООРУЖЕНИЯ;NoneStyleMark
S0053710000;СПОРТ.СООРУЖЕНИЯ ОТКР.ТИПА к-с;NoneStylePoly
S00537100001;СПОРТ.СООРУЖЕНИЯ ОТКРЫТ.ТИПА ;NoneStylePoly
S0053711000;СТАДИОНЫ ;NoneStylePoly
V0053711000;СТАДИОНЫ ;NoneStyleLine
S0053712000;СПОРТ ПЛОЩАДКИ;NoneStylePoly
P0053713000;ТРАМПЛИНЫ;NoneStyleMark
L0053720000;СПОРТИВНЫЕ СООРУЖЕНИЯ КРЫТЫЕ;NoneStyleLine
S0053720000;СПОРТИВНЫЕ СООРУЖЕНИЯ КРЫТЫЕ;NoneStylePoly
S0053890000;МЕСТА РАЗВЛЕЧЕНИЙ(ПАРКИ И Т.П);NoneStylePoly
L0081110000;ЛИНИИ ПОЛИТИКО-АДМИН.ГРАНИЦ;NoneStyleLine
L0081111000;ЛИНИИ ГРАНИЦ НЕУСТАН.(неотоб.);NoneStyleLine
L0081111100;ЛИНИИ ГРАНИЦ НЕУСТАН.(отобр.);NoneStyleLine
P0081121000;ПОГРАНИЧНЫЙ ЗНАК НА СУШЕ;NoneStyleMark
P0081122100;ПОГРАНИЧНЫЙ БУЙ;NoneStyleMark
P0081122200;ПОГРАНИЧНАЯ ВЕХА;NoneStyleMark
P0081130000;КОПЕЦ;NoneStyleMark
L008114000013;ОТД.УЧАСТ.ГРАНИЦ (ГОСУДАРСТВ.);Границы государственные_100к
L008114000014;ОТД.УЧАСТ.ГРАНИЦ (ПОЛЯР.ВЛАД.);NoneStyleLine
L008114000015;ОТД.УЧ.ГРАНИЦ (СУБЪЕКТОВ РФ);Границы краёв и областей_100к
L008114000016;ОТД.УЧАСТ.ГРАНИЦ (РЕСПУБ.В РФ);Границы республик_100к
L008114000017;ОТД.УЧАСТ.ГРАНИЦ (КРАЕВ);NoneStyleLine
L008114000018;ОТД.УЧАСТ.ГРАНИЦ (ОБЛАСТЕЙ);NoneStyleLine
L008114000019;ОТД.УЧАСТ.ГРАНИЦ (1-ГО ПОРЯДКА);NoneStyleLine
L008114000020;ОТД.УЧАСТ.ГРАНИЦ Г/ЗАПОВ.ПОЛИГ.;Границы государственных заповедников_25к-100к
L008114000021;ОТД.УЧАСТ.ГРАНИЦ РЕЗЕРВАЦИЙ;NoneStyleLine
L008114000022;ОТД.УЧАСТ.ГРАНИЦ Г/ЗАКАЗ.ПАРКОВ;NoneStyleLine
L0081140000;ОТД.УЧ.ГР.(МЕЖДУ СЕРБ.И ЧЕРН.);NoneStyleLine
L0081140100;ОКРАСКА ГРАНИЦ (ГОСУДАРСТВЕН.);NoneStyleLine
L0081140300;ОКРАСКА ГОС.ГРАНИЦ(неустановл.);NoneStyleLine
L0081200000;ЛИНИИ ПРОЧИХ ГРАНИЦ ;NoneStyleLine
L0082100000;ДРЕВНИЕ ИСТОРИЧЕСКИЕ СТЕНЫ;Древние исторические стены_25к-100к
L0082200000;КАМЕН.КИРПИЧ.СТЕНЫ,МЕТАЛ.ОГР.;NoneStyleLine
L0082300000;ЛЕГКИЕ ОГРАЖДЕНИЯ ;NoneStyleLine
S0088000000;ТЕРРИТОРИЯ ГОСУДАРСТВА,АНКЛАВ;NoneStylePoly
L0062340000;ЭСТАКАДЫ НА ЖЕЛЕЗНОЙ ДОРОГЕ;NoneStyleLine
L00623400001;ЭСТАКАДЫ НА АВТОМОБИЛЬНОЙ ДОР.;NoneStyleLine
S0062340000;ЭСТАКАДЫ;NoneStylePoly
V0062340000;ЭСТАКАДЫ НА ЖЕЛЕЗНОЙ ДОРОГЕ;NoneStyleLine
V00623400001;ЭСТАКАДЫ НА АВТОДОРОГЕ;NoneStyleLine
L0062343000;ЭСТАКАДЫ МОРСКИЕ;NoneStyleLine
S0062343000;ЭСТАКАДЫ МОРСКИЕ;NoneStylePoly
L0062350000;НАСЫПИ НА Ж/Д (односторонние);NoneStyleLine
L00623500001;НАСЫПИ НА УЛУЧ.ГР.ДОР.(1стор.);NoneStyleLine
L00623500002;НАСЫПИ НА ГРУНТ.ДОР.(1 стор.);NoneStyleLine
L00623500003;НАСЫПИ НА ШОССЕ(односторонние);NoneStyleLine
L00623500004;НАСЫПИ НА УСОВЕР.ШОССЕ(1стор.);NoneStyleLine
L00623500005;НАСЫПИ НА АВТОМАГИСТР.1 стор.;NoneStyleLine
L00623500006;НАСЫПИ НА Ж/Д (двусторонние);NoneStyleLine
L00623500007;НАСЫПИ НА УЛУЧ.ГР.ДОР.(2стлр.);NoneStyleLine
L00623500008;НАСЫПИ НА ГРУНТ.ДОР.(2 стор.);NoneStyleLine
L00623500009;НАСЫПИ НА ШОССЕ (двусторонние);NoneStyleLine
L006235000010;НАСЫПИ НА УСОВЕР.ШОССЕ(2стор.);NoneStyleLine
L006235000011;НАСЫПИ НА АВТОМАГИСТР.2 стор.;NoneStyleLine
L0062360000;ВЫЕМКИ НА Ж/Д (односторонние);NoneStyleLine
L00623600001;ВЫЕМКИ НА ШОССЕ(односторонние);NoneStyleLine
L00623600002;ВЫЕМКИ НА УСОВЕР.ШОССЕ(1стор.);NoneStyleLine
L00623600003;ВЫЕМКИ НА АВТОМАГИСТР.1 стор.;NoneStyleLine
L00623600004;ВЫЕМКИ НА Ж/Д (двусторонние);NoneStyleLine
L00623600005;ВЫЕМКИ НА УСОВЕР.ШОССЕ(2стор.);NoneStyleLine
L00623600006;ВЫЕМКИ НА АВТОМАГИСТР.2 стор.;NoneStyleLine
L00623600007;ВЫЕМКИ НА ШОССЕ (двусторонние);NoneStyleLine
S0062360000;ВЫЕМКИ;NoneStylePoly
T0091020000;ГЕОГРАФ.НАЗВАНИЯ (Бм-431) 1.4;Bm431,5.6,black
T00910200001;ГЕОГРАФ.НАЗВАНИЯ (Бм-431) 1.6;None
T00910200002;ГЕОГРАФ.НАЗВАНИЯ (Бм-431) 1.4V;None
T00910200003;ГЕОГРАФ.НАЗВАНИЯ (Бм-431) 1.5V;Bm431,6.0,black
T00910200004;ГЕОГРАФ.НАЗВАНИЯ (Бм-431) 1.8V;None
T00910200005;ГЕОГРАФ.НАЗВАНИЯ (Бм-431) 2.1V;None
T00910200006;ГЕОГРАФ.НАЗВАНИЯ (Бм-431) 2.4V;None
T00910200007;ГЕОГРАФ.НАЗВАНИЯ (Бм-431) 2.8V;None
T00910200008;ГЕОГРАФ.НАЗВАНИЯ (Бм-431) 3.8V;None
T00910200009;ГЕОГРАФ.НАЗВАНИЯ (Бм-431) 4.4V;None
T0091022000;ГЕОГРАФ.НАЗВАН.Бм-431 син.1.4V;Bm431,5.6,blue
T00910220001;ГЕОГРАФ.НАЗВАН.Бм-431 син.1.6V;Bm431,6.4,blue
T00910220002;ГЕОГРАФ.НАЗВАН.Бм-431 син.1.8V;Bm431,7.2,blue
T00910220003;ГЕОГРАФ.НАЗВАН.Бм-431 син.2.0V;None
T00910220004;ГЕОГРАФ.НАЗВАН.Бм-431 син.2.1V;None
T00910220005;ГЕОГРАФ.НАЗВАН.Бм-431 син.2.4V;None
T00910220006;ГЕОГРАФ.НАЗВАН.Бм-431 син.2.6V;None
T00910220007;ГЕОГРАФ.НАЗВАН.Бм-431 син.2.8V;None
T00910220008;ГЕОГРАФ.НАЗВАН.Бм-431 син.3.0V;None
T00910220009;ГЕОГРАФ.НАЗВАН.Бм-431 син.3.4V;None
T009102200010;ГЕОГРАФ.НАЗВАН.Бм-431 син.3.6V;None
T009102200011;ГЕОГРАФ.НАЗВАН.Бм-431 син.4.0V;None
T009102200012;ГЕОГРАФ.НАЗВАН.Бм-431 син.4.4V;None
T009102200013;ГЕОГРАФ.НАЗВАН.Бм-431 син.4.5V;None
T009102200014;ГЕОГРАФ.НАЗВАН.Бм-431 син.5.0V;None
T009102200015;ГЕОГРАФ.НАЗВАН.Бм-431 син.5.3V;Bm431,21.2,blue
T009102200016;ГЕОГРАФ.НАЗВАН.Бм-431 син.6.0V;None
T0091042000;ГЕОГРАФ.НАЗВАН.Д-431 син.1.8V;None
T00910420001;ГЕОГРАФ.НАЗВАН.Д-431 син.2.0V;None
T00910420002;ГЕОГРАФ.НАЗВАН.Д-431 син.2.1V;None
T00910420003;ГЕОГРАФ.НАЗВАН.Д-431 син.2.4V;None
T00910420004;ГЕОГРАФ.НАЗВАН.Д-431 син.2.8V;None
T0091050000;ГЕОГРАФ.НАЗВАНИЯ (Д-231) 1.4;None
T00910500001;ГЕОГРАФ.НАЗВАНИЯ (Д-231) 2.0;None
T00910500002;ГЕОГРАФ.НАЗВАНИЯ (Д-231) 1.4V;D231,5.6,black
T00910500003;ГЕОГРАФ.НАЗВАНИЯ (Д-231) 1.5V;None
T00910500004;ГЕОГРАФ.НАЗВАНИЯ (Д-231) 1.8V;None
T00910500005;ГЕОГРАФ.НАЗВАНИЯ (Д-231) 2.1V.;None
T00910500006;ГЕОГРАФ.НАЗВАНИЯ (Д-231) 2.4V;None
T00910500007;ГЕОГРАФ.НАЗВАНИЯ (Д-231) 3.0V;None
T0091060000;ГЕОГРАФ.НАЗВАНИЯ (Д-432) 1.5;None
T00910600001;ГЕОГРАФ.НАЗВАНИЯ (Д-432) 1.6;None
T00910600002;ГЕОГРАФ.НАЗВАНИЯ (Д-432) 1.9;None
T00910600003;ГЕОГРАФ.НАЗВАНИЯ (Д-432) 2.1;D432,8.4,black
T00910600004;ГЕОГРАФ.НАЗВАНИЯ (Д-432) 2.6;None
T00910600005;ГЕОГРАФ.НАЗВАНИЯ (Д-432) 1.5V;D432,6.0,black
T00910600006;ГЕОГРАФ.НАЗВАНИЯ (Д-432) 1.8V;None
T00910600007;ГЕОГРАФ.НАЗВАНИЯ (Д-432) 2.1V;D432,2.1,black
T00910600008;ГЕОГРАФ.НАЗВАНИЯ (Д-432) 2.4V;None
T00910600009;ГЕОГРАФ.НАЗВАНИЯ (Д-432) 2.8V;None
T009106000010;ГЕОГРАФ.НАЗВАНИЯ (Д-432) 3.0V;None
T009106000011;ГЕОГРАФ.НАЗВАНИЯ (Д-432) 3.8V;None
T009106000012;ГЕОГРАФ.НАЗВАНИЯ (Д-432) 5.0V;None
T009106000013;ГЕОГРАФ.НАЗВАНИЯ (Д-432) 6.0V;None
T0091070000;ГЕОГРАФ.НАЗВАНИЯ (До-431) 1.3;None
T00910700001;ГЕОГРАФ.НАЗВАНИЯ (До-431) 1.5;None
T00910700002;ГЕОГРАФ.НАЗВАНИЯ (До-431) 1.8;None
T00910700003;ГЕОГРАФ.НАЗВАНИЯ (До-431) 1.3V;None
T00910700004;ГЕОГРАФ.НАЗВАНИЯ (До-431) 1.4V;None
T00910700005;ГЕОГРАФ.НАЗВАНИЯ (До-431) 1.6V;None
T00910700006;ГЕОГРАФ.НАЗВАНИЯ (До-431) 1.8V;None
T00910700007;ГЕОГРАФ.НАЗВАНИЯ (До-431) 2.0V;None
T00910700008;ГЕОГРАФ.НАЗВАНИЯ (До-431) 2.6V;None
T00910700009;ГЕОГРАФ.НАЗВАНИЯ (До-431) 3.5V;None
T0091130000;ГЕОГРАФ. НАЗВАНИЯ (Р-131) 1.3;None
T00911300001;ГЕОГРАФ. НАЗВАНИЯ (Р-131) 1.4;P131,5.6,black
T00911300002;ГЕОГРАФ. НАЗВАНИЯ (Р-131) 1.5;None
T00911300003;ГЕОГРАФ. НАЗВАНИЯ (Р-131) 1.6;P131,6.4,black
T00911300004;ГЕОГРАФ. НАЗВАНИЯ (Р-131) 1.7;None
T00911300005;ГЕЛГРАФ. НАЗВАНИЯ (Р-131) 1.8;P131,7.2,black
T00911300006;ГЕОГРАФ. НАЗВАНИЯ (Р-131) 2.0;P131,8.0,black
T00911300007;ГЕОГРАФ. НАЗВАНИЯ (Р-131) 2.4;P131,9.6,black
T00911300008;ГЕОГРАФ. НАЗВАНИЯ (Р-131) 2.7;P131,10.8,black
T00911300009;ГЕОГРАФ. НАЗВАНИЯ (Р-131) 3.2;None
T009113000010;ГЕОГРАФ. НАЗВАНИЯ (Р-131) 1.3V;None
T009113000011;ГЕОГРАФ. НАЗВАНИЯ (Р-131) 1.4V;None
T009113000012;ГЕОГРАФ. НАЗВАНИЯ (Р-131) 1.6V;None
T009113000013;ГЕОГРАФ. НАЗВАНИЯ (Р-131) 2.0V;None
T0091150000;ГЕОГРАФ.НАЗВАНИЯ (Р-152) 1.6;None
T00911500001;ГЕОГРАФ.НАЗВАНИЯ (Р-152) 1.8;None
T00911500002;ГЕОГРАФ.НАЗВАНИЯ (Р-152) 2.1;None
T00911500003;ГЕОГРАФ.НАЗВАНИЯ (Р-152) 2.4;P152,9.6,black
T00911500004;ГЕОГРАФ.НАЗВАНИЯ (Р-152) 2.8;None
T00911500005;ГЕОГРАФ.НАЗВАНИЯ (Р-152) 3.4;None
T00911500006;ГЕОГРАФ.НАЗВАНИЯ (Р-152) 1.6V;None
T00911500007;ГЕОГРАФ.НАЗВАНИЯ (Р-152) 1.8V;None
T00911500008;ГЕОГРАФ.НАЗВАНИЯ (Р-152) 2.1V;None
T00911500009;ГЕОГРАФ.НАЗВАНИЯ (Р-152) 2.4V;None
T009115000010;ГЕОГРАФ.НАЗВАНИЯ (Р-152) 2.8V;None
T009115000011;ГЕОГРАФ.НАЗВАНИЯ (Р-152) 3.4V;None
T0091170000;ГЕОГРАФ. НАЗВАНИЯ (Т-132) 1.5;T132,6.0,black
T00911700001;ГЕОГРАФ. НАЗВАНИЯ (Т-132) 1.8;T132,7.2,black
T00911700002;ГЕОГРАФ. НАЗВАНИЯ (Т-132) 2.0;None
T00911700003;ГЕОГРАФ. НАЗВАНИЯ (Т-132) 2.2;None
T00911700004;ГЕОГРАФ. НАЗВАНИЯ (Т-132) 2.3;None
T00911700005;ГЕОГРАФ. НАЗВАНИЯ (Т-132) 2.5;T132,10.0,black
T00911700006;ГЕОГРАФ. НАЗВАНИЯ (Т-132) 2.8;None
T0091172000;ГЕОГРАФ.НАЗВАНИЯ Т-132син.1.3;None
T00911720001;ГЕОГРАФ.НАЗВАНИЯ Т-132син.1.3V;None
T0091190000;ГЕОГРАФ. НАЗВАНИЯ (Ч-122) 3.0;None
T00911900001;ГЕОГРАФ. НАЗВАНИЯ (Ч-122) 3.5;Ch122,14.0,black
T00911900002;ГЕОГРАФ. НАЗВАНИЯ (Ч-122) 4.0;None
T00911900003;ГЕОГРАФ. НАЗВАНИЯ (Ч-122) 4.7;None
C00921700002;ХАРАКТЕРИСТИКА БРОДА (11);None
C00921700003;ХАРАКТЕРИСТИКА ПАРОМА (12);None
C00921700009;ХАРАКТЕР.МОСТА,ЭСТАКАДЫ (18);None
C009217000010;ХАРАКТЕР.МОСТА(полный набор)21;None
C009217000011;ХАРАКТЕР.МОСТА(груз.св.100т)22;None
C009217000012;ХАРАК.МОСТА(длина,шир.груз.)24;None
C009217000013;ХАРАК.МОСТА(без материала) 25;None
C009217000015;ХАРАКТЕР.ХВОЙНОЙ РАСТИТЕЛ.(29);None
C009217000016;ХАРАК.РАСТ.С ПРЕОБ.ХВОЙНОЙ(30);None
C009217000017;ХАРАКТЕР.ЛИСТВЕННОЙ РАСТ.(31);None
C009217000018;ХАРАК.РАСТ.С ПРЕОБ.ЛИСТВ.(32);None
C009217000019;ХАР.ХВОЙН.РАСТ.(без породы) 33;None
C009217000020;ХАР.ЛИСТВ.РАСТ.(без породы) 34;None
C009217000021;ХАРАК.РАСТ.ПОКРОВА (хвойн.) 37;None
C009217000022;ХАРАК.РАСТ.ПОКРОВА (листв.) 38;None
C009217000023;ХАРАК.РАСТ.ПОКРОВА(п/хвойн.)39;None
C009217000024;ХАРАК.РАСТ.ПОКРОВА (пальмы) 40;None
C009217000025;ХАРАК.РАСТ.ПОКРОВА(п/листв.)41;None
T0092172000;ПОДПИСИ ХАРАКТЕР.Т-132син.1.3;None
T00921720001;ПОДПИСИ ХАРАКТЕР.Т-132син.1.5;None
T00921720002;ПОДПИСИ ХАРАКТЕР.Т-132син.1.3V;None
T00921720003;ПОДПИСИ ХАРАКТЕР.Т-132син.2.2;None
T0093020000;ПОЯСНИТ.ПОДПИСИ (Бм-431) 1.4;Bm431,5.6,black
T00930200001;ПОЯСНИТ.ПОДПИСИ (Бм-431) 1.4V;None
T0093022000;ПОЯСНИТ.ПОДПИСИ Бм-431 син.1.4;None
T00930220001;ПОЯСНИТ.ПОДПИСИ Бм-431син.1.6;None
T00930220002;ПОЯСНИТ.ПОДПИСИ Бм-431син.1.8;None
T00930220003;ПОЯСНИТ.ПОДПИСИ Бм-431син.2.0;None
T00930220004;ПОЯСНИТ.ПОДПИСИ Бм-431син.1.4V;None
T00930220005;ПОЯСНИТ.ПОДПИСИ Бм-431син.1.6V;None
T00930220006;ПОЯСНИТ.ПОДПИСИ Бм-431син.1.8V;None
T00930220007;ПОЯСНИТ.ПОДПИСИ Бм-431син.2.0V;None
T0093050000;ПОДПИСИ ХАРАКТЕР.(Д-231) 2.0;None
T0093130000;ПОЯСНИТ.ПОДПИСИ (Р-131) 1.3;None
T00931300001;ПОЯСНИТ.ПОДПИСИ (Р-131) 1.6;None
T00931300002;ПОЯСНИТ.ПОДПИСИ (Р-131) 1.8;None
T00931300003;ПОЯСНИТ.ПОДПИСИ (Р-131) 2.0;None
T00931300004;ПОЯСНИТ.ПОДПИСИ (Р-131) 2.3;None
T00931300005;ПОЯСНИТ.ПОДПИСИ (Р-131) 1.3V;None
T00931300006;ПОЯСНИТ.ПОДПИСИ (Р-131) 1.6V;None
T00931300007;ПОЯСНИТ.ПОДПИСИ (Р-131) 1.8V;None
T00931300008;ПОЯСНИТ.ПОДПИСИ (Р-131) 2.0V;None
T00931300009;ПОЯСНИТ.ПОДПИСИ (Р-131) 2.3V;None
T0093150000;ПОЯСНИТ.ПОДПИСИ (Р-152) 1.6;None
T00931500001;ПОЯСНИТ.ПОДПИСИ (Р-152) 1.8;None
T00931500002;ПОЯСНИТ.ПОДПИСИ (Р-152) 2.1;None
T00931500003;ПОЯСНИТ.ПОДПИСИ (Р-152) 2.4;None
T00931500004;ПОЯСНИТ.ПОДПИСИ (Р-152) 2.8;None
T00931500005;ПОЯСНИТ.ПОДПИСИ (Р-152) 3.4;None
T00931500006;ПОЯСНИТ.ПОДПИСИ (Р-152) 1.6V;None
T00931500007;ПОЯСНИТ.ПОДПИСИ (Р-152) 1.8V;None
T00931500008;ПОЯСНИТ.ПОДПИСИ (Р-152) 2.1V;None
T00931500009;ПОЯСНИТ.ПОДПИСИ (Р-152) 2.4V;None
T009315000010;ПОЯСНИТ.ПОДПИСИ (Р-152) 2.8V;None
T009315000011;ПОЯСНИТ.ПОДПИСИ (Р-152) 3.4V;None
T0093170000;ПОЯСНИТ.ПОДПИСИ (Т-132) 1.3;None
T00931700001;ПОЯСНИТ.ПОДПИСИ (Т-132) 1.3V;T132,5.2,black
T0093172000;ПОЯСНИТ.ПОДПИСИ Т-132 син.1.3;None
T00931720001;ПОЯСНИТ.ПОДПИСИ Т-132 син.1.3V;None
S0031261000;ВОДОРОСЛИ;NoneStylePoly
V0031261000;ВОДОРОСЛИ ;NoneStyleLine
S0071213000;МАНГРОВЫЕ ЗАРОСЛИ ;NoneStylePoly
S0071311000;КАМЫШОВАЯ И ТРОСТНИКОВ.РАСТИТ.;Камышовые и тростниковые заросли_100к
S0045140000;КВАРТАЛЫ В ПРОЧИХ НАС.ПУНКТАХ;NoneStylePoly
V0042200000;ОТДЕЛЬНЫЕ ДВОРЫ,ХУТОРА (центр);NoneStyleLine
V00422000001;ОТДЕЛЬНЫЕ ДВОРЫ,ХУТОРА (угол) ;NoneStyleLine
L0044100000;ОТДЕЛЬНЫЕ СТРОЕНИЯ ВЫДАЮЩИЕСЯ;NoneStyleLine
S0044100000;ОТДЕЛЬНЫЕ СТРОЕНИЯ ВЫДАЮЩИЕСЯ;NoneStylePoly
P0044100000;ОТДЕЛЬНЫЕ СТРОЕНИЯ ВЫДАЮЩИЕСЯ;NoneStyleMark
V0044100000;ОТДЕЛЬНЫЕ СТРОЕНИЯ ВЫДАЮЩИЕСЯ;NoneStyleLine
L0044200000;ОТДЕЛЬН. СТРОЕНИЯ НЕВЫДАЮЩИЕСЯ;NoneStyleLine
L00442000001;ОТДЕЛЬНЫЕ СТРОЕНИЯ РАЗРУШЕННЫЕ;NoneStyleLine
S0044200000;ОТДЕЛ. СТРОЕНИЯ НЕВЫДАЮЩИЕСЯ ;blackPoly
S00442000001;ОТДЕЛЬНЫЕ СТРОЕНИЯ РАЗРУШЕННЫЕ;NoneStylePoly
P0044200000;ОТДЕЛЬНЫЕ СТРОЕНИЯ НЕВЫДАЮЩ.;NoneStyleMark
V0044200000;ОТДЕЛЬНЫЕ СТРОЕНИЯ РАЗРУШЕННЫЕ;NoneStyleLine
V00442000001;ОТДЕЛЬНЫЕ СТРОЕНИЯ (1);ОТДЕЛЬНЫЕ СТРОЕНИЯ
V00442000002;ОТДЕЛЬНЫЕ СТРОЕНИЯ (2);ОТДЕЛЬНЫЕ СТРОЕНИЯ 2
V00442000003;ОТДЕЛЬНЫЕ СТРОЕНИЯ (3);NoneStyleLine
P0046100000;ВЫДАЮЩАЯСЯ ЧАСТЬ ЗДАНИЯ(ШПИЛЬ);NoneStyleMark
V0079230000;ЗНАЧОК ЛАВОВОГО ПОТОКА;NoneStyleLine
V0079240000;"ЗНАЧОК ""ГРЯДЫ КАМНЕЙ""(коричн.)";NoneStyleLine
V00792400001;"ЗНАЧОК ""ГРЯДЫ КАМНЕЙ"" (черные)";NoneStyleLine
L0079310000;КРУПННЫЕ Т. НА ОТМЕЛЯХ И МЕЛЯХ;NoneStyleLine
L0079320000;"ЛИН.ДЛЯ ЗНАКА ""БЕРЕГА ОПАСНЫЕ""";NoneStyleLine
V0079340000;ЗНАЧОК МОРСКОГО Ж/Д ПАРОМА;NoneStyleLine
V0079350000;ЗНАЧОК МОРСКОГО АВТОМОБ.ПАРОМА;NoneStyleLine
V0079361200;ПАРОМ.ПЕРЕПРАВЫ-ЗНАЧОК НА ВОДЕ;NoneStyleLine
P0079510000;"ЗНАЧОК ""АЭРОПОРТ""";Аэродром_100к
V0079671100;МЕСТО ВЫХОДА МЕТРО НА ПОВЕРХН.;NoneStyleLine
P0079713000;ЗНАЧОК ПАЛЬМОВОЙ РОЩИ;NoneStyleMark
P0079714000;ЗНАЧОК РЕДКОГО ВЫСОКОГО ЛЕСА;Редколесье (точечный)_100к
P0079715000;ЗНАЧОК РЕДКОГО НИЗКОРОС.ЛЕСА;Редколесье низкорослый (точечный)_100к
P0079716000;ЗНАЧОК БУРЕЛОМА;Буреломы (точечный)_100к
P0079717000;ЗНАЧОК ГОРЕЛ.И СУХОСТОЙН.ЛЕСА;Горелые леса (точечный)_100к
P0079718000;ЗНАЧОК ВЫРУБЛЕННОГО ЛЕСА;Вырубленные леса (точечный)_100к
P0079719000;ЗНАЧОК ПОРОСЛИ ЛЕСА;Небольшие площади леса, не выражающиеся в масштабе карты_100к
P0079719200;ЗНАЧОК П/ДРЕВОСТОЯ-ХВОЙНОЙ;NoneStyleMark
P0079719300;ЗНАЧОК П/ДРЕВОСТОЯ-ЛИСТВЕННОЙ;NoneStyleMark
P0079719400;ЗНАЧОК П/ДРЕВОСТОЯ-ПАЛЬМЫ;NoneStyleMark
P0079719510;ЗНАЧОК П/ДРЕВОСТОЯ-П/ХВОЙНОЙ;NoneStyleMark
P0079719520;ЗНАЧОК П/ДРЕВОСТОЯ-П/ЛИСТВЕН.;NoneStyleMark
P0079721000;ЗНАЧОК СТЛАНИКА;NoneStyleMark
P0079731000;ЗНАЧОК КУСТАРНИКА КОЛЮЧЕГО;Кустарники колючие (точечный)_100к
P0079732000;ЗНАЧОК КУСТАРНИКА (обычного);Кустарники (точечный)_100к
P0079733000;ЗНАЧОК БАМБУКА ;NoneStyleMark
P0079734000;ЗНАЧОК САКСАУЛА;Саксаул (точечный)_100к
P0079735000;ЗНАЧОК МАНГРОВЫХ ЗАРОСЛЕЙ;NoneStyleMark
P0079736000;ЗНАЧОК ВИНОГРАДНИКА;Виноградники (точечный)_100к
P0079741000;ЗНАЧОК КАМЫШ.ТРОСТНИК.РАСТИТ.;NoneStyleMark
P0079742000;ЗНАЧОК ВЫСОКОТРАВНОЙ РАСТИТ.;NoneStyleMark
P0079744000;ЗНАЧОК ЛУГОВОЙ РАСТИТЕЛЬНОСТИ;Луговая_растительность_100к
P0079745000;ЗНАЧОК СТЕПНОЙ РАСТИТЕЛЬНОСТИ;NoneStyleMark
P0079746000;ЗНАЧОК РИСОВЫХ ПОЛЕЙ;NoneStyleMark
P0079747000;ЗНАЧОК ПОЛУКУСТАРНИКОВ;NoneStyleMark
P0079749000;ЗНАЧОК МОХ.ЛИШАЙНИКОВОЙ РАСТ.;NoneStyleMark
V0079751000;ЗНАЧОК КАМЕН.ПОВЕРХ.-1 камень;NoneStyleLine
P0079752000;ЗНАЧОК КАМЕН.РОССЫП.(3 камьня);NoneStyleMark
P0079753000;ЗНАЧОК ПОЛИГОНАЛ.ПОВЕРХНОСТЕЙ;NoneStyleMark
P0079754000;ЗНАЧОК ПОВЕРХНОСТИ С БУГРАМИ;NoneStyleMark
P0079755000;ЗНАЧОК КОЧКОВАТЫХ ПОВЕРХНОСТЕЙ;NoneStyleMark
P0079756000;ЗНАЧОК ТАКЫРОВ;Такыры (точечный)_100к
V0079757110;ЗНАЧОК БАРХАННЫХ ПЕСКОВ - 1;NoneStyleLine
V0079757120;ЗНАЧОК БАРХАННЫХ ПЕСКОВ - 2;NoneStyleLine
V0079757130;ЗНАЧОК БАРХАННЫХ ПЕСКОВ - 3;NoneStyleLine
P0079757200;ЗНАЧОК БУГРИСТЫХ ПЕСКОВ;NoneStyleMark
V0079757300;ЗНАЧОК ГРЯДОВЫХ,ДЮННЫХ ПЕСКОВ;NoneStyleLine
P0079757400;ЗНАЧОК ЛУНКОВ.ЯЧЕИСТЫХ ПЕСКОВ;NoneStyleMark
S0079758000;УЧАСТКИ БОЛОТ;NoneStylePoly
S0079759000;УЧАСТКИ СОЛОНЧАКОВ;NoneStylePoly
L0079811000;ЗНАК ГОС.ГРАНИЦЫ(тонкая линия);NoneStyleLine
L0079820000;ВСПОМОГАТЕЛЬНАЯ ЛИНИЯ (черная);NoneStyleLine
L00798200001;ВСПОМОГАТЕЛЬНАЯ ЛИНИЯ (синяя);NoneStyleLine
L00798200002;ВСПОМОГАТЕЛЬНАЯ ЛИНИЯ (корич.);NoneStyleLine
L0079999000;СТРЕЛКА УКАЗ. МЕСТОПОЛ. ОБЪЕКТА;NoneStyleLine
L00799990001;УКАЗАТЕЛЬНАЯ СТРЕЛКА;NoneStyleLine
L00799990002;УКАЗАТЕЛЬНАЯ СТРЕЛКА;NoneStyleLine
S0021500000;КРУТЫЕ СКЛОНЫ (менее 1см.);NoneStylePoly
S00215000001;КРУТЫЕ СКЛОНЫ (1см. и более);NoneStylePoly
L0022111000;ГРАНИЦА ЛЕДНИКОВ;NoneStyleLine
L0022121100;ГРАНИЦА ФИРНОВЫХ ПОЛЕЙ;NoneStyleLine
L0022170000;БРОВКА ОБРЫВОВ ЛЕДЯНЫХ;NoneStyleLine
L0022222100;ГРАНИЦЫ СУХИХ РЕК, ОЗЕР;NoneStyleLine
L0022263000;БРОВКА ОПОЛЗНЯ;NoneStyleLine
L0022413000;БРОВКА ОБРЫВОВ СКАЛИСТЫХ;NoneStyleLine
L0022623000;БРОВКА ОСЫПЕЙ;NoneStyleLine
L0022633000;БРОВКА ОБРЫВА (ЗЕМЛЯНОГО);NoneStyleLine
L00226330001;БРОВКА ОБРЫВА (ЗЕМЛЯНОГО) чер.;NoneStyleLine
L0031135100;ГРАНИЦЫ СТРОЯЩИХСЯ ВОДОХРАН.;NoneStyleLine
L0054200000;ГРАНИЦА ТОРФ.,ТЕРРИК.,ОТВАЛОВ;NoneStyleLine
L0062386000;БРОВКА НАСЫПИ (ВЫЕМКИ);NoneStyleLine
L0073000000;КОНТУР РАСТ.ПОКРОВА И ГРУНТОВ;NoneStyleLine
L0079210000;ШТРИХИ ЛЕДЯНОГО ОБРЫВА;NoneStyleLine
L0079220000;ШТРИХИ СКАЛИСТОГО ОБРЫВА;NoneStyleLine
L0079331000;КОНТУР ДЛЯ ПЕС.-КАМЕН.БЕРЕГОВ;NoneStyleLine
L0079332000;КОНТУР ОСЫХ.БЕРЕГОВ (КР.СКАЛ.);NoneStyleLine
V0079333000;ЗНАЧОК КАМНЕЙ ПОРОГОВ ;NoneStyleLine
V0079671200;ЗНАЧОК ВХОДОВ ДОРОГ В ТУННЕЛЬ;NoneStyleLine
P0079719600;ЗНАЧОК ПЛАНТАЦИЙ ТЕХ.КУЛЬТУР;NoneStyleMark
T0091040000;ГЕОГРАФ. НАЗВАНИЯ (Д-431) 1.8;None
